[
  {
    "model": "auth.permission",
    "pk": 1,
    "fields": {
      "name": "Can add log entry",
      "content_type": 1,
      "codename": "add_logentry"
    }
  },
  {
    "model": "auth.permission",
    "pk": 2,
    "fields": {
      "name": "Can change log entry",
      "content_type": 1,
      "codename": "change_logentry"
    }
  },
  {
    "model": "auth.permission",
    "pk": 3,
    "fields": {
      "name": "Can delete log entry",
      "content_type": 1,
      "codename": "delete_logentry"
    }
  },
  {
    "model": "auth.permission",
    "pk": 4,
    "fields": {
      "name": "Can view log entry",
      "content_type": 1,
      "codename": "view_logentry"
    }
  },
  {
    "model": "auth.permission",
    "pk": 5,
    "fields": {
      "name": "Can add permission",
      "content_type": 2,
      "codename": "add_permission"
    }
  },
  {
    "model": "auth.permission",
    "pk": 6,
    "fields": {
      "name": "Can change permission",
      "content_type": 2,
      "codename": "change_permission"
    }
  },
  {
    "model": "auth.permission",
    "pk": 7,
    "fields": {
      "name": "Can delete permission",
      "content_type": 2,
      "codename": "delete_permission"
    }
  },
  {
    "model": "auth.permission",
    "pk": 8,
    "fields": {
      "name": "Can view permission",
      "content_type": 2,
      "codename": "view_permission"
    }
  },
  {
    "model": "auth.permission",
    "pk": 9,
    "fields": {
      "name": "Can add group",
      "content_type": 3,
      "codename": "add_group"
    }
  },
  {
    "model": "auth.permission",
    "pk": 10,
    "fields": {
      "name": "Can change group",
      "content_type": 3,
      "codename": "change_group"
    }
  },
  {
    "model": "auth.permission",
    "pk": 11,
    "fields": {
      "name": "Can delete group",
      "content_type": 3,
      "codename": "delete_group"
    }
  },
  {
    "model": "auth.permission",
    "pk": 12,
    "fields": {
      "name": "Can view group",
      "content_type": 3,
      "codename": "view_group"
    }
  },
  {
    "model": "auth.permission",
    "pk": 13,
    "fields": {
      "name": "Can add content type",
      "content_type": 4,
      "codename": "add_contenttype"
    }
  },
  {
    "model": "auth.permission",
    "pk": 14,
    "fields": {
      "name": "Can change content type",
      "content_type": 4,
      "codename": "change_contenttype"
    }
  },
  {
    "model": "auth.permission",
    "pk": 15,
    "fields": {
      "name": "Can delete content type",
      "content_type": 4,
      "codename": "delete_contenttype"
    }
  },
  {
    "model": "auth.permission",
    "pk": 16,
    "fields": {
      "name": "Can view content type",
      "content_type": 4,
      "codename": "view_contenttype"
    }
  },
  {
    "model": "auth.permission",
    "pk": 17,
    "fields": {
      "name": "Can add session",
      "content_type": 5,
      "codename": "add_session"
    }
  },
  {
    "model": "auth.permission",
    "pk": 18,
    "fields": {
      "name": "Can change session",
      "content_type": 5,
      "codename": "change_session"
    }
  },
  {
    "model": "auth.permission",
    "pk": 19,
    "fields": {
      "name": "Can delete session",
      "content_type": 5,
      "codename": "delete_session"
    }
  },
  {
    "model": "auth.permission",
    "pk": 20,
    "fields": {
      "name": "Can view session",
      "content_type": 5,
      "codename": "view_session"
    }
  },
  {
    "model": "auth.permission",
    "pk": 21,
    "fields": {
      "name": "Can add user",
      "content_type": 6,
      "codename": "add_user"
    }
  },
  {
    "model": "auth.permission",
    "pk": 22,
    "fields": {
      "name": "Can change user",
      "content_type": 6,
      "codename": "change_user"
    }
  },
  {
    "model": "auth.permission",
    "pk": 23,
    "fields": {
      "name": "Can delete user",
      "content_type": 6,
      "codename": "delete_user"
    }
  },
  {
    "model": "auth.permission",
    "pk": 24,
    "fields": {
      "name": "Can view user",
      "content_type": 6,
      "codename": "view_user"
    }
  },
  {
    "model": "auth.permission",
    "pk": 25,
    "fields": {
      "name": "Can add producer",
      "content_type": 7,
      "codename": "add_producer"
    }
  },
  {
    "model": "auth.permission",
    "pk": 26,
    "fields": {
      "name": "Can change producer",
      "content_type": 7,
      "codename": "change_producer"
    }
  },
  {
    "model": "auth.permission",
    "pk": 27,
    "fields": {
      "name": "Can delete producer",
      "content_type": 7,
      "codename": "delete_producer"
    }
  },
  {
    "model": "auth.permission",
    "pk": 28,
    "fields": {
      "name": "Can view producer",
      "content_type": 7,
      "codename": "view_producer"
    }
  },
  {
    "model": "auth.permission",
    "pk": 29,
    "fields": {
      "name": "Can add listing",
      "content_type": 8,
      "codename": "add_listing"
    }
  },
  {
    "model": "auth.permission",
    "pk": 30,
    "fields": {
      "name": "Can change listing",
      "content_type": 8,
      "codename": "change_listing"
    }
  },
  {
    "model": "auth.permission",
    "pk": 31,
    "fields": {
      "name": "Can delete listing",
      "content_type": 8,
      "codename": "delete_listing"
    }
  },
  {
    "model": "auth.permission",
    "pk": 32,
    "fields": {
      "name": "Can view listing",
      "content_type": 8,
      "codename": "view_listing"
    }
  },
  {
    "model": "auth.permission",
    "pk": 33,
    "fields": {
      "name": "Can add listing image",
      "content_type": 9,
      "codename": "add_listingimage"
    }
  },
  {
    "model": "auth.permission",
    "pk": 34,
    "fields": {
      "name": "Can change listing image",
      "content_type": 9,
      "codename": "change_listingimage"
    }
  },
  {
    "model": "auth.permission",
    "pk": 35,
    "fields": {
      "name": "Can delete listing image",
      "content_type": 9,
      "codename": "delete_listingimage"
    }
  },
  {
    "model": "auth.permission",
    "pk": 36,
    "fields": {
      "name": "Can view listing image",
      "content_type": 9,
      "codename": "view_listingimage"
    }
  },
  {
    "model": "auth.permission",
    "pk": 37,
    "fields": {
      "name": "Can add product allergen",
      "content_type": 10,
      "codename": "add_productallergen"
    }
  },
  {
    "model": "auth.permission",
    "pk": 38,
    "fields": {
      "name": "Can change product allergen",
      "content_type": 10,
      "codename": "change_productallergen"
    }
  },
  {
    "model": "auth.permission",
    "pk": 39,
    "fields": {
      "name": "Can delete product allergen",
      "content_type": 10,
      "codename": "delete_productallergen"
    }
  },
  {
    "model": "auth.permission",
    "pk": 40,
    "fields": {
      "name": "Can view product allergen",
      "content_type": 10,
      "codename": "view_productallergen"
    }
  },
  {
    "model": "auth.permission",
    "pk": 41,
    "fields": {
      "name": "Can add product feature",
      "content_type": 11,
      "codename": "add_productfeature"
    }
  },
  {
    "model": "auth.permission",
    "pk": 42,
    "fields": {
      "name": "Can change product feature",
      "content_type": 11,
      "codename": "change_productfeature"
    }
  },
  {
    "model": "auth.permission",
    "pk": 43,
    "fields": {
      "name": "Can delete product feature",
      "content_type": 11,
      "codename": "delete_productfeature"
    }
  },
  {
    "model": "auth.permission",
    "pk": 44,
    "fields": {
      "name": "Can view product feature",
      "content_type": 11,
      "codename": "view_productfeature"
    }
  },
  {
    "model": "auth.permission",
    "pk": 45,
    "fields": {
      "name": "Can add order",
      "content_type": 12,
      "codename": "add_order"
    }
  },
  {
    "model": "auth.permission",
    "pk": 46,
    "fields": {
      "name": "Can change order",
      "content_type": 12,
      "codename": "change_order"
    }
  },
  {
    "model": "auth.permission",
    "pk": 47,
    "fields": {
      "name": "Can delete order",
      "content_type": 12,
      "codename": "delete_order"
    }
  },
  {
    "model": "auth.permission",
    "pk": 48,
    "fields": {
      "name": "Can view order",
      "content_type": 12,
      "codename": "view_order"
    }
  },
  {
    "model": "auth.permission",
    "pk": 49,
    "fields": {
      "name": "Can add notification",
      "content_type": 13,
      "codename": "add_notification"
    }
  },
  {
    "model": "auth.permission",
    "pk": 50,
    "fields": {
      "name": "Can change notification",
      "content_type": 13,
      "codename": "change_notification"
    }
  },
  {
    "model": "auth.permission",
    "pk": 51,
    "fields": {
      "name": "Can delete notification",
      "content_type": 13,
      "codename": "delete_notification"
    }
  },
  {
    "model": "auth.permission",
    "pk": 52,
    "fields": {
      "name": "Can view notification",
      "content_type": 13,
      "codename": "view_notification"
    }
  },
  {
    "model": "auth.permission",
    "pk": 53,
    "fields": {
      "name": "Can add conversation",
      "content_type": 14,
      "codename": "add_conversation"
    }
  },
  {
    "model": "auth.permission",
    "pk": 54,
    "fields": {
      "name": "Can change conversation",
      "content_type": 14,
      "codename": "change_conversation"
    }
  },
  {
    "model": "auth.permission",
    "pk": 55,
    "fields": {
      "name": "Can delete conversation",
      "content_type": 14,
      "codename": "delete_conversation"
    }
  },
  {
    "model": "auth.permission",
    "pk": 56,
    "fields": {
      "name": "Can view conversation",
      "content_type": 14,
      "codename": "view_conversation"
    }
  },
  {
    "model": "auth.permission",
    "pk": 57,
    "fields": {
      "name": "Can add message",
      "content_type": 15,
      "codename": "add_message"
    }
  },
  {
    "model": "auth.permission",
    "pk": 58,
    "fields": {
      "name": "Can change message",
      "content_type": 15,
      "codename": "change_message"
    }
  },
  {
    "model": "auth.permission",
    "pk": 59,
    "fields": {
      "name": "Can delete message",
      "content_type": 15,
      "codename": "delete_message"
    }
  },
  {
    "model": "auth.permission",
    "pk": 60,
    "fields": {
      "name": "Can view message",
      "content_type": 15,
      "codename": "view_message"
    }
  },
  {
    "model": "auth.permission",
    "pk": 61,
    "fields": {
      "name": "Can add review",
      "content_type": 16,
      "codename": "add_review"
    }
  },
  {
    "model": "auth.permission",
    "pk": 62,
    "fields": {
      "name": "Can change review",
      "content_type": 16,
      "codename": "change_review"
    }
  },
  {
    "model": "auth.permission",
    "pk": 63,
    "fields": {
      "name": "Can delete review",
      "content_type": 16,
      "codename": "delete_review"
    }
  },
  {
    "model": "auth.permission",
    "pk": 64,
    "fields": {
      "name": "Can view review",
      "content_type": 16,
      "codename": "view_review"
    }
  },
  {
    "model": "auth.permission",
    "pk": 65,
    "fields": {
      "name": "Can add report",
      "content_type": 17,
      "codename": "add_report"
    }
  },
  {
    "model": "auth.permission",
    "pk": 66,
    "fields": {
      "name": "Can change report",
      "content_type": 17,
      "codename": "change_report"
    }
  },
  {
    "model": "auth.permission",
    "pk": 67,
    "fields": {
      "name": "Can delete report",
      "content_type": 17,
      "codename": "delete_report"
    }
  },
  {
    "model": "auth.permission",
    "pk": 68,
    "fields": {
      "name": "Can view report",
      "content_type": 17,
      "codename": "view_report"
    }
  },
  {
    "model": "auth.permission",
    "pk": 69,
    "fields": {
      "name": "Can add Token",
      "content_type": 18,
      "codename": "add_token"
    }
  },
  {
    "model": "auth.permission",
    "pk": 70,
    "fields": {
      "name": "Can change Token",
      "content_type": 18,
      "codename": "change_token"
    }
  },
  {
    "model": "auth.permission",
    "pk": 71,
    "fields": {
      "name": "Can delete Token",
      "content_type": 18,
      "codename": "delete_token"
    }
  },
  {
    "model": "auth.permission",
    "pk": 72,
    "fields": {
      "name": "Can view Token",
      "content_type": 18,
      "codename": "view_token"
    }
  },
  {
    "model": "auth.permission",
    "pk": 73,
    "fields": {
      "name": "Can add token",
      "content_type": 19,
      "codename": "add_tokenproxy"
    }
  },
  {
    "model": "auth.permission",
    "pk": 74,
    "fields": {
      "name": "Can change token",
      "content_type": 19,
      "codename": "change_tokenproxy"
    }
  },
  {
    "model": "auth.permission",
    "pk": 75,
    "fields": {
      "name": "Can delete token",
      "content_type": 19,
      "codename": "delete_tokenproxy"
    }
  },
  {
    "model": "auth.permission",
    "pk": 76,
    "fields": {
      "name": "Can view token",
      "content_type": 19,
      "codename": "view_tokenproxy"
    }
  },
  {
    "model": "auth.permission",
    "pk": 77,
    "fields": {
      "name": "Can add email address",
      "content_type": 20,
      "codename": "add_emailaddress"
    }
  },
  {
    "model": "auth.permission",
    "pk": 78,
    "fields": {
      "name": "Can change email address",
      "content_type": 20,
      "codename": "change_emailaddress"
    }
  },
  {
    "model": "auth.permission",
    "pk": 79,
    "fields": {
      "name": "Can delete email address",
      "content_type": 20,
      "codename": "delete_emailaddress"
    }
  },
  {
    "model": "auth.permission",
    "pk": 80,
    "fields": {
      "name": "Can view email address",
      "content_type": 20,
      "codename": "view_emailaddress"
    }
  },
  {
    "model": "auth.permission",
    "pk": 81,
    "fields": {
      "name": "Can add email confirmation",
      "content_type": 21,
      "codename": "add_emailconfirmation"
    }
  },
  {
    "model": "auth.permission",
    "pk": 82,
    "fields": {
      "name": "Can change email confirmation",
      "content_type": 21,
      "codename": "change_emailconfirmation"
    }
  },
  {
    "model": "auth.permission",
    "pk": 83,
    "fields": {
      "name": "Can delete email confirmation",
      "content_type": 21,
      "codename": "delete_emailconfirmation"
    }
  },
  {
    "model": "auth.permission",
    "pk": 84,
    "fields": {
      "name": "Can view email confirmation",
      "content_type": 21,
      "codename": "view_emailconfirmation"
    }
  },
  {
    "model": "auth.permission",
    "pk": 85,
    "fields": {
      "name": "Can add social application",
      "content_type": 22,
      "codename": "add_socialapp"
    }
  },
  {
    "model": "auth.permission",
    "pk": 86,
    "fields": {
      "name": "Can change social application",
      "content_type": 22,
      "codename": "change_socialapp"
    }
  },
  {
    "model": "auth.permission",
    "pk": 87,
    "fields": {
      "name": "Can delete social application",
      "content_type": 22,
      "codename": "delete_socialapp"
    }
  },
  {
    "model": "auth.permission",
    "pk": 88,
    "fields": {
      "name": "Can view social application",
      "content_type": 22,
      "codename": "view_socialapp"
    }
  },
  {
    "model": "auth.permission",
    "pk": 89,
    "fields": {
      "name": "Can add social account",
      "content_type": 23,
      "codename": "add_socialaccount"
    }
  },
  {
    "model": "auth.permission",
    "pk": 90,
    "fields": {
      "name": "Can change social account",
      "content_type": 23,
      "codename": "change_socialaccount"
    }
  },
  {
    "model": "auth.permission",
    "pk": 91,
    "fields": {
      "name": "Can delete social account",
      "content_type": 23,
      "codename": "delete_socialaccount"
    }
  },
  {
    "model": "auth.permission",
    "pk": 92,
    "fields": {
      "name": "Can view social account",
      "content_type": 23,
      "codename": "view_socialaccount"
    }
  },
  {
    "model": "auth.permission",
    "pk": 93,
    "fields": {
      "name": "Can add social application token",
      "content_type": 24,
      "codename": "add_socialtoken"
    }
  },
  {
    "model": "auth.permission",
    "pk": 94,
    "fields": {
      "name": "Can change social application token",
      "content_type": 24,
      "codename": "change_socialtoken"
    }
  },
  {
    "model": "auth.permission",
    "pk": 95,
    "fields": {
      "name": "Can delete social application token",
      "content_type": 24,
      "codename": "delete_socialtoken"
    }
  },
  {
    "model": "auth.permission",
    "pk": 96,
    "fields": {
      "name": "Can view social application token",
      "content_type": 24,
      "codename": "view_socialtoken"
    }
  },
  {
    "model": "contenttypes.contenttype",
    "pk": 1,
    "fields": { "app_label": "admin", "model": "logentry" }
  },
  {
    "model": "contenttypes.contenttype",
    "pk": 2,
    "fields": { "app_label": "auth", "model": "permission" }
  },
  {
    "model": "contenttypes.contenttype",
    "pk": 3,
    "fields": { "app_label": "auth", "model": "group" }
  },
  {
    "model": "contenttypes.contenttype",
    "pk": 4,
    "fields": { "app_label": "contenttypes", "model": "contenttype" }
  },
  {
    "model": "contenttypes.contenttype",
    "pk": 5,
    "fields": { "app_label": "sessions", "model": "session" }
  },
  {
    "model": "contenttypes.contenttype",
    "pk": 6,
    "fields": { "app_label": "users", "model": "user" }
  },
  {
    "model": "contenttypes.contenttype",
    "pk": 7,
    "fields": { "app_label": "producers", "model": "producer" }
  },
  {
    "model": "contenttypes.contenttype",
    "pk": 8,
    "fields": { "app_label": "listings", "model": "listing" }
  },
  {
    "model": "contenttypes.contenttype",
    "pk": 9,
    "fields": { "app_label": "listings", "model": "listingimage" }
  },
  {
    "model": "contenttypes.contenttype",
    "pk": 10,
    "fields": { "app_label": "listings", "model": "productallergen" }
  },
  {
    "model": "contenttypes.contenttype",
    "pk": 11,
    "fields": { "app_label": "listings", "model": "productfeature" }
  },
  {
    "model": "contenttypes.contenttype",
    "pk": 12,
    "fields": { "app_label": "orders", "model": "order" }
  },
  {
    "model": "contenttypes.contenttype",
    "pk": 13,
    "fields": { "app_label": "notifications", "model": "notification" }
  },
  {
    "model": "contenttypes.contenttype",
    "pk": 14,
    "fields": { "app_label": "chats", "model": "conversation" }
  },
  {
    "model": "contenttypes.contenttype",
    "pk": 15,
    "fields": { "app_label": "chats", "model": "message" }
  },
  {
    "model": "contenttypes.contenttype",
    "pk": 16,
    "fields": { "app_label": "reviews", "model": "review" }
  },
  {
    "model": "contenttypes.contenttype",
    "pk": 17,
    "fields": { "app_label": "reports", "model": "report" }
  },
  {
    "model": "contenttypes.contenttype",
    "pk": 18,
    "fields": { "app_label": "authtoken", "model": "token" }
  },
  {
    "model": "contenttypes.contenttype",
    "pk": 19,
    "fields": { "app_label": "authtoken", "model": "tokenproxy" }
  },
  {
    "model": "contenttypes.contenttype",
    "pk": 20,
    "fields": { "app_label": "account", "model": "emailaddress" }
  },
  {
    "model": "contenttypes.contenttype",
    "pk": 21,
    "fields": { "app_label": "account", "model": "emailconfirmation" }
  },
  {
    "model": "contenttypes.contenttype",
    "pk": 22,
    "fields": { "app_label": "socialaccount", "model": "socialapp" }
  },
  {
    "model": "contenttypes.contenttype",
    "pk": 23,
    "fields": { "app_label": "socialaccount", "model": "socialaccount" }
  },
  {
    "model": "contenttypes.contenttype",
    "pk": 24,
    "fields": { "app_label": "socialaccount", "model": "socialtoken" }
  },
  {
    "model": "sessions.session",
    "pk": "bz1ttry1xodyvxdmdxk3bg3hxv45fn5o",
    "fields": {
      "session_data": ".eJxljMsOwiAUBf-FdUPKW1y69xvI5UItipC0xY3x321NY2Lczsw5TwKItZXFPeKUhhSDi3dImRxLy7n72jbHiRwJJx1x0JbxA1wK_8wD3mLZRLhCuVSKtSxT8nRL6G5neq4h5tPe_hyMMI_rGoVFxhRoK5VXEgRKbkVkBqRmOgjhvemtVmhWIw6gB6NFL8wgOeOIQF5vUD5IaQ:1q94Z1:X9f8EpkaRkZwkE0OL5L6LxKyRJGB3HR55R_CinDPyps",
      "expire_date": "2023-06-27T14:00:03.011Z"
    }
  },
  {
    "model": "sessions.session",
    "pk": "yvfmx7eiyzz6heui2teln2j1o801i3ac",
    "fields": {
      "session_data": ".eJxljMsOgjAQRf-la0IofYFL935DM-1MpVrbBKgb478rhpgYt-ecex8MvC81r_ZOcwyR0NINYmKHXFNqvrYuNLMD46xhFuo6fYCN-M8c-CvlTeAF8rm0vuR1jq7dkna3S3sqSOm4tz8HEyzTe01BgyOuA3Dsg8CBnJIidFKrTo6j8Lw3qAgAneuVMWY0xpEaBKEepJbs-QKTUkml:1q8fYE:Nb5FDVehnJS1qSdgB6eKUWcb0hReK-DHnGB52yRdeDE",
      "expire_date": "2023-06-26T11:17:34.588Z"
    }
  },
  {
    "model": "users.user",
    "pk": 1,
    "fields": {
      "password": "pbkdf2_sha256$600000$ANd3jeEfZatHGG7anZn0y6$58WawDzymZQF5qcYWj6oD/TK4MzBXfe+5C4FEHqasP4=",
      "last_login": "2023-06-13T13:59:09.267Z",
      "is_superuser": false,
      "created_at": "2023-06-12T11:17:34.234Z",
      "updated_at": "2023-06-12T11:18:07.655Z",
      "email": "eusebioperez@grocerin.com",
      "first_name": "Eusebio",
      "last_name": "Pérez Gómez",
      "photo": "users/1/images/c0e8b62e-ab07-441c-a4b5-277dda63c344.jpg",
      "location": "SRID=4326;POINT (-5.8418054 37.3396769)",
      "phone": "+34666123456",
      "is_staff": false,
      "is_active": true,
      "groups": [],
      "user_permissions": [],
      "favorites": [4]
    }
  },
  {
    "model": "users.user",
    "pk": 2,
    "fields": {
      "password": "pbkdf2_sha256$600000$igCF8ykQl2LE9aCLv56wtl$1WQ1ulNb2tDnS95y5YGqwfBHpJOGyR3ESyP0teZF0Uk=",
      "last_login": "2023-06-13T14:00:03.003Z",
      "is_superuser": false,
      "created_at": "2023-06-13T14:00:02.741Z",
      "updated_at": "2023-06-13T14:00:45.711Z",
      "email": "andres00@outlook.com",
      "first_name": "Andres",
      "last_name": "Duran Terrero",
      "photo": "users/2/images/f74f17b0-40bc-45a9-bdfd-84572ff57ee7.jpg",
      "location": "SRID=4326;POINT (-5.9004052 37.298355)",
      "phone": null,
      "is_staff": false,
      "is_active": true,
      "groups": [],
      "user_permissions": [],
      "favorites": [1]
    }
  },
  { "model": "producers.producer", "pk": 1, "fields": { "biography": "" } },
  {
    "model": "listings.listing",
    "pk": 1,
    "fields": {
      "created_at": "2023-06-12T11:20:43.409Z",
      "updated_at": "2023-06-12T11:20:43.409Z",
      "title": "Zanahorias ecológicas con hojas",
      "description": "Cada unidad es un manojo de 8-10 zanahorias. Si la quieres sin hojas dímelo por chat.",
      "unit": "UNIT",
      "price_per_unit": 200,
      "g_per_unit": 750,
      "available_quantity": 30,
      "producer": 1,
      "is_active": true,
      "is_deleted": false
    }
  },
  {
    "model": "listings.listing",
    "pk": 2,
    "fields": {
      "created_at": "2023-06-12T11:23:04.111Z",
      "updated_at": "2023-06-13T15:36:35.992Z",
      "title": "Espinacas a granel",
      "description": "Las espinacas son unas verduras que contienen un alto valor nutricional, son ricas en carbohidratos, fibra, sales minerales (potasio, calcio, magnesio, hierro, fosforo y sodio) vitaminas A, C, E y B9. Es importante el consumo de la espinaca, sobre todo se recomienda un consumo frecuente de forma cruda en ensaladas, cocidas y guisadas, se pueden acompañar con carnes y pescados.",
      "unit": "KG",
      "price_per_unit": 1000,
      "g_per_unit": 1000,
      "available_quantity": 0,
      "producer": 1,
      "is_active": false,
      "is_deleted": false
    }
  },
  {
    "model": "listings.listing",
    "pk": 3,
    "fields": {
      "created_at": "2023-06-12T11:25:01.895Z",
      "updated_at": "2023-06-13T15:36:13.924Z",
      "title": "Queso Cabra del Tietar® Fresco",
      "description": "Elaborado con leche pasteurizada de cabra, de estructura compacta. Se presenta envasado al vacío para su mejor conservación. Color blanco impecable, sabor fresco ligeramente salado y textura elástica.",
      "unit": "UNIT",
      "price_per_unit": 2200,
      "g_per_unit": 1550,
      "available_quantity": 13,
      "producer": 1,
      "is_active": true,
      "is_deleted": false
    }
  },
  {
    "model": "listings.listing",
    "pk": 4,
    "fields": {
      "created_at": "2023-06-13T13:58:42.698Z",
      "updated_at": "2023-06-13T13:58:42.698Z",
      "title": "Fresón de Huelva",
      "description": "Las fresas destacan por su acción antioxidante, puesto que contienen vitamina C, carotenoides y antocianinos, específicos de las frutas rojas y con un poder antioxidante muy elevado.",
      "unit": "KG",
      "price_per_unit": 520,
      "g_per_unit": 1000,
      "available_quantity": 200,
      "producer": 1,
      "is_active": true,
      "is_deleted": false
    }
  },
  {
    "model": "listings.listingimage",
    "pk": 1,
    "fields": {
      "listing": 1,
      "image": "listings/1/images/72aaa1b2-d39a-40fe-9362-078735c91fde.jpg"
    }
  },
  {
    "model": "listings.listingimage",
    "pk": 2,
    "fields": {
      "listing": 2,
      "image": "listings/2/images/dfa8d151-ecc1-479b-ac17-dea4e1475956.jpg"
    }
  },
  {
    "model": "listings.listingimage",
    "pk": 4,
    "fields": {
      "listing": 3,
      "image": "listings/3/images/60673272-72a8-49fc-9785-e1e3bac3ef6e.jpg"
    }
  },
  {
    "model": "listings.listingimage",
    "pk": 5,
    "fields": {
      "listing": 4,
      "image": "listings/4/images/eab62c68-0e94-4362-b330-621a4730cf56.jpg"
    }
  },
  {
    "model": "listings.productallergen",
    "pk": 1,
    "fields": { "listing": 2, "allergen": "CELERY" }
  },
  {
    "model": "listings.productfeature",
    "pk": 1,
    "fields": { "listing": 1, "feature": "ALLOWS_DELIVERY" }
  },
  {
    "model": "listings.productfeature",
    "pk": 2,
    "fields": { "listing": 1, "feature": "ALLOWS_PICKUP" }
  },
  {
    "model": "listings.productfeature",
    "pk": 3,
    "fields": { "listing": 1, "feature": "IS_VEGAN" }
  },
  {
    "model": "listings.productfeature",
    "pk": 4,
    "fields": { "listing": 1, "feature": "IS_SUGAR_FREE" }
  },
  {
    "model": "listings.productfeature",
    "pk": 5,
    "fields": { "listing": 2, "feature": "ALLOWS_DELIVERY" }
  },
  {
    "model": "listings.productfeature",
    "pk": 6,
    "fields": { "listing": 2, "feature": "ALLOWS_PICKUP" }
  },
  {
    "model": "listings.productfeature",
    "pk": 7,
    "fields": { "listing": 2, "feature": "IS_VEGAN" }
  },
  {
    "model": "listings.productfeature",
    "pk": 8,
    "fields": { "listing": 3, "feature": "ALLOWS_PICKUP" }
  },
  {
    "model": "listings.productfeature",
    "pk": 9,
    "fields": { "listing": 4, "feature": "IS_FROZEN" }
  },
  {
    "model": "listings.productfeature",
    "pk": 10,
    "fields": { "listing": 4, "feature": "ALLOWS_DELIVERY" }
  },
  {
    "model": "listings.productfeature",
    "pk": 11,
    "fields": { "listing": 4, "feature": "IS_VEGAN" }
  },
  {
    "model": "listings.productfeature",
    "pk": 12,
    "fields": { "listing": 4, "feature": "IS_SUGAR_FREE" }
  },
  {
    "model": "orders.order",
    "pk": 1,
    "fields": {
      "created_at": "2023-06-13T14:30:26.943Z",
      "updated_at": "2023-06-13T14:30:26.943Z",
      "listing": 2,
      "consumer": 2,
      "quantity": 100,
      "total_price": 3000
    }
  },
  {
    "model": "orders.order",
    "pk": 2,
    "fields": {
      "created_at": "2023-06-13T15:36:03.819Z",
      "updated_at": "2023-06-13T15:36:03.819Z",
      "listing": 3,
      "consumer": null,
      "quantity": 2,
      "total_price": 3500
    }
  },
  {
    "model": "notifications.notification",
    "pk": 2,
    "fields": {
      "created_at": "2023-06-13T14:00:02.930Z",
      "updated_at": "2023-06-13T14:00:02.930Z",
      "receiver": 2,
      "notification_type": "REMINDER_COMPLETE_PROFILE",
      "data": {},
      "is_read": true
    }
  },
  {
    "model": "notifications.notification",
    "pk": 3,
    "fields": {
      "created_at": "2023-06-13T14:02:01.618Z",
      "updated_at": "2023-06-13T14:02:01.618Z",
      "receiver": 1,
      "notification_type": "NEW_LIKE",
      "data": { "listing": 1 },
      "is_read": true
    }
  },
  {
    "model": "notifications.notification",
    "pk": 5,
    "fields": {
      "created_at": "2023-06-13T14:03:41.076Z",
      "updated_at": "2023-06-13T14:03:41.076Z",
      "receiver": 1,
      "notification_type": "CHAT_MESSAGE",
      "data": { "sender": 2, "conversation": 1 },
      "is_read": true
    }
  },
  {
    "model": "notifications.notification",
    "pk": 7,
    "fields": {
      "created_at": "2023-06-13T14:08:18.508Z",
      "updated_at": "2023-06-13T14:08:18.508Z",
      "receiver": 1,
      "notification_type": "CHAT_MESSAGE",
      "data": { "sender": 2, "conversation": 2 },
      "is_read": true
    }
  },
  {
    "model": "notifications.notification",
    "pk": 10,
    "fields": {
      "created_at": "2023-06-13T14:08:55.461Z",
      "updated_at": "2023-06-13T14:08:55.461Z",
      "receiver": 2,
      "notification_type": "CHAT_MESSAGE",
      "data": { "sender": 1, "conversation": 1 },
      "is_read": true
    }
  },
  {
    "model": "notifications.notification",
    "pk": 12,
    "fields": {
      "created_at": "2023-06-13T15:31:50.366Z",
      "updated_at": "2023-06-13T15:31:50.366Z",
      "receiver": 1,
      "notification_type": "NEW_REVIEW",
      "data": { "review": 1 },
      "is_read": true
    }
  },
  {
    "model": "chats.conversation",
    "pk": 1,
    "fields": {
      "created_at": "2023-06-13T14:03:29.747Z",
      "updated_at": "2023-06-13T14:08:55.449Z",
      "consumer": 2,
      "listing": 2
    }
  },
  {
    "model": "chats.conversation",
    "pk": 2,
    "fields": {
      "created_at": "2023-06-13T14:03:30.855Z",
      "updated_at": "2023-06-13T14:08:18.493Z",
      "consumer": 2,
      "listing": 3
    }
  },
  {
    "model": "chats.message",
    "pk": 1,
    "fields": {
      "created_at": "2023-06-13T14:03:35.895Z",
      "updated_at": "2023-06-13T14:08:43.385Z",
      "sender": 2,
      "conversation": 1,
      "text": "Me interesa",
      "message_type": "TEXT_MESSAGE",
      "read_by_recipient": true,
      "data": null
    }
  },
  {
    "model": "chats.message",
    "pk": 2,
    "fields": {
      "created_at": "2023-06-13T14:03:41.051Z",
      "updated_at": "2023-06-13T14:08:43.427Z",
      "sender": 2,
      "conversation": 1,
      "text": "Lo vendes todavía? cuantos tienes?",
      "message_type": "TEXT_MESSAGE",
      "read_by_recipient": true,
      "data": null
    }
  },
  {
    "model": "chats.message",
    "pk": 3,
    "fields": {
      "created_at": "2023-06-13T14:08:14.751Z",
      "updated_at": "2023-06-13T14:08:44.298Z",
      "sender": 2,
      "conversation": 2,
      "text": "Perfecto",
      "message_type": "TEXT_MESSAGE",
      "read_by_recipient": true,
      "data": null
    }
  },
  {
    "model": "chats.message",
    "pk": 4,
    "fields": {
      "created_at": "2023-06-13T14:08:18.490Z",
      "updated_at": "2023-06-13T14:08:44.352Z",
      "sender": 2,
      "conversation": 2,
      "text": "Estoy interesado, podría comprarlo?",
      "message_type": "TEXT_MESSAGE",
      "read_by_recipient": true,
      "data": null
    }
  },
  {
    "model": "chats.message",
    "pk": 5,
    "fields": {
      "created_at": "2023-06-13T14:08:48.492Z",
      "updated_at": "2023-06-13T14:08:48.550Z",
      "sender": 1,
      "conversation": 1,
      "text": "Si",
      "message_type": "TEXT_MESSAGE",
      "read_by_recipient": true,
      "data": null
    }
  },
  {
    "model": "chats.message",
    "pk": 6,
    "fields": {
      "created_at": "2023-06-13T14:08:49.501Z",
      "updated_at": "2023-06-13T14:08:49.558Z",
      "sender": 1,
      "conversation": 1,
      "text": "Me quedan 15kg en stock ahora mismo",
      "message_type": "TEXT_MESSAGE",
      "read_by_recipient": true,
      "data": null
    }
  },
  {
    "model": "chats.message",
    "pk": 7,
    "fields": {
      "created_at": "2023-06-13T14:08:55.446Z",
      "updated_at": "2023-06-13T14:08:55.446Z",
      "sender": 1,
      "conversation": 1,
      "text": "Ahora te lo pongo en venta",
      "message_type": "TEXT_MESSAGE",
      "read_by_recipient": false,
      "data": null
    }
  },
  {
    "model": "reviews.review",
    "pk": 1,
    "fields": {
      "created_at": "2023-06-13T15:31:50.360Z",
      "updated_at": "2023-06-13T15:31:50.360Z",
      "order": 1,
      "rating": 2,
      "comment": "Muy mala calidad, duraron 2 días"
    }
  },
  {
    "model": "reports.report",
    "pk": 1,
    "fields": {
      "created_at": "2023-06-13T15:30:51.695Z",
      "updated_at": "2023-06-13T15:30:51.695Z",
      "reporter": 2,
      "reported": 1,
      "order": null,
      "description": "No son espinacas, vende aire",
      "is_resolved": false
    }
  },
  {
    "model": "reports.report",
    "pk": 2,
    "fields": {
      "created_at": "2023-06-13T15:31:14.888Z",
      "updated_at": "2023-06-13T15:31:14.888Z",
      "reporter": 2,
      "reported": 1,
      "order": 1,
      "description": "Las compré y me vino la mitad de lo que decía de peso",
      "is_resolved": false
    }
  },
  {
    "model": "account.emailaddress",
    "pk": 1,
    "fields": {
      "user": 1,
      "email": "eusebioperez@grocerin.com",
      "verified": true,
      "primary": true
    }
  },
  {
    "model": "account.emailaddress",
    "pk": 2,
    "fields": {
      "user": 2,
      "email": "andres00@outlook.com",
      "verified": true,
      "primary": true
    }
  }
]
